username,password
zahra,117019447c8cafa16c8c15c79e694a1b2e99bd3adc86a9121856b3fc810879f3
sara,07E9BBA1C63A7A01F935EE06D931C453E0864FC0FCC11EC445A8AF60A36CC6C8
zaza,117019447c8cafa16c8c15c79e694a1b2e99bd3adc86a9121856b3fc810879f3
sosan,cbfad02f9ed2a8d1e08d8f74f5303e9eb93637d47f82ab6f1c15871cf8dd0481
xanyar,03ac674216f3e15c761ee1a5e255f067953623c8b388b4459e13f978d7c846f4
andy,18bed1232c7d6375b760860a0c1904bf560a92b8cec0965fda4c244bb5c55e49
homi,03ac674216f3e15c761ee1a5e255f067953623c8b388b4459e13f978d7c846f4
ebi,03b0bd366e8184f8d871c3a7c7cc26c73c25b54ff54c64b28b10b898242cdc8a
za,fa3cfb3f1bb823aa9501f88f1f95f732ee6fef2c3a48be7f1d38037b216a549f
wert,03ac674216f3e15c761ee1a5e255f067953623c8b388b4459e13f978d7c846f4
